SKU,Brand,Product Name,Description,Materials Composition,Cleaning tips,Quantity,Sizes,Variant 1 Type,Variant 1 Value A,Variant 2 Type,Variant 2 Value,Colour,Sell Price,Weight,Image name,Main category,Categories tags,Return Policy,Comment,,,,,,,,,,,,,,,,
DADA-SC-SAMBA,Dada ,Scarf Samba,"The design of the scarf Samba was made with handcrafted techniques using collage paired with paper, paint and later translated into knitting. All our scarfs are proudly made in Germany using high-quality full jacquard knit with 100% soft acrylic yarn which makes them super comfortable.",100% Acrylic,"Machine wash cold on a wool cycle or wash it by hand.
Cool iron. 
Do not tumble dry. 
Do not bleach. ",2,200x17cm,,,,,"Green, Pink",€70.00,,Dada scarf Samba,Accessories,Scarfs & Shawls /  Knitwear / Accessories / New in ,,,,,,,,,,,,,,,,,,
DADA-SC-ACID,Dada ,Scarf Acid,"The design of the scarf Acid was made with handcrafted techniques using collage paired with paper, paint and later translated into knitting. All our scarfs are proudly made in Germany using high-quality full jacquard knit with 100% soft acrylic yarn which makes them super comfortable.",100% Acrylic,"Machine wash cold on a wool cycle or wash it by hand.
Cool iron. 
Do not tumble dry. 
Do not bleach. ",7,200x17cm,,,,,"Orange, Lila",€70.00,,Dada scarf Acid,Accessories,Scarfs & Shawls /  Knitwear / Accessories / New in ,,,,,,,,,,,,,,,,,,
DADA-SC-ABSTR,Dada ,Scarf Abstract,"The design of the scarf Abstract was made with handcrafted techniques using collage paired with paper, paint and later translated into knitting. All our scarfs are proudly made in Germany using high-quality full jacquard knit with 100% soft acrylic yarn which makes them super comfortable.",100% Acrylic,"Machine wash cold on a wool cycle or wash it by hand.
Cool iron. 
Do not tumble dry. 
Do not bleach. ",6,200x17cm,,,,,Multicolored,€70.00,,Dada scarf Abstract,Accessories,Scarfs & Shawls /  Knitwear / Accessories / New in ,,,,,,,,,,,,,,,,,,
DADA-SC-NEON,Dada ,Scarf Neon,"The design of the scarf Neon was made with handcrafted techniques using collage paired with paper, paint and later translated into knitting. All our scarfs are proudly made in Germany using high-quality full jacquard knit with 100% soft acrylic yarn which makes them super comfortable.",100% Acrylic,"Machine wash cold on a wool cycle or wash it by hand.
Cool iron. 
Do not tumble dry. 
Do not bleach. ",2,200x17cm,,,,,"Neon green, grey",€70.00,,Dada scarf Neon,Accessories,Scarfs & Shawls /  Knitwear / Accessories / New in ,,,,,,,,,,,,,,,,,,
DADA-SC-LOLA,Dada ,Scarf Lola,"The design of the scarf Lola was made with handcrafted techniques using collage paired with paper, paint and later translated into knitting. All our scarfs are proudly made in Germany using high-quality full jacquard knit with 100% soft acrylic yarn which makes them super comfortable.",100% Acrylic,"Machine wash cold on a wool cycle or wash it by hand.
Cool iron. 
Do not tumble dry. 
Do not bleach. ",2,200x17cm,,,,,Multicolored,€70.00,,Dada scarf Lola,Accessories,Scarfs & Shawls /  Knitwear / Accessories / New in ,,,,,,,,,,,,,,,,,,
DADA-SC-JAZZ,Dada ,Scarf Jazz,"The design of the scarf Jazz was made with handcrafted techniques using collage paired with paper, paint and later translated into knitting. All our scarfs are proudly made in Germany using high-quality full jacquard knit with 100% soft acrylic yarn which makes them super comfortable.",100% Acrylic,"Machine wash cold on a wool cycle or wash it by hand.
Cool iron. 
Do not tumble dry. 
Do not bleach. ",2,200x17cm,,,,,Multicolored,€70.00,,Dada scarf Jazz,Accessories,Scarfs & Shawls /  Knitwear / Accessories / New in ,,,,,,,,,,,,,,,,,,
DADA-SC-HERBS,Dada ,Scarf Herbst ,"The design of the scarf Herbst was made with handcrafted techniques using collage paired with paper, paint and later translated into knitting. All our scarfs are proudly made in Germany using high-quality full jacquard knit with 100% soft acrylic yarn which makes them super comfortable.",100% Acrylic,"Machine wash cold on a wool cycle or wash it by hand.
Cool iron. 
Do not tumble dry. 
Do not bleach. ",2,200x17cm,,,,,Multicolored,€70.00,,Dada scarf Herbst,Accessories,Scarfs & Shawls /  Knitwear / Accessories / New in ,,,,,,,,,,,,,,,,,,
DADA-SC-MONO,Dada ,Scarf Mono,"The design of the scarf Mono was made with handcrafted techniques using collage paired with paper, paint and later translated into knitting. It is proudly made in Germany using 100% merino wool extra fine. It’s a premium Italian wool quality, which makes them very soft, lightweight, and warm.","100% Merino Wool (Extra Fine, Italian origin)","Machine wash cold on a wool cycle or wash it by hand.
Cool iron. 
Do not tumble dry. 
Do not bleach. ",2,175x25cm,,,,,"Black, White",€100.00,,Dada scarf Mono,Accessories,Scarfs & Shawls /  Knitwear / Accessories / New in ,,,,,,,,,,,,,,,,,,
DADA-SC-BOHO,Dada ,Scarf Boho,"The design of the scarf Boho was made with handcrafted techniques using collage paired with paper, paint and later translated into knitting. It is proudly made in Germany using 100% merino wool extra fine. It’s a premium Italian wool quality, which makes them very soft, lightweight, and warm.","100% Merino Wool (Extra Fine, Italian origin)","Machine wash cold on a wool cycle or wash it by hand.
Cool iron. 
Do not tumble dry. 
Do not bleach. ",2,175x25cm,,,,,"Black, Beige",€100.00,,Dada scarf Boho,Accessories,Scarfs & Shawls /  Knitwear / Accessories / New in ,,,,,,,,,,,,,,,,,,
DADA-SC-SOHO,Dada ,Scarf Soho,"The design of the scarf Soho was made with handcrafted techniques using collage paired with paper, paint and later translated into knitting. It is proudly made in Germany using 100% merino wool extra fine. It’s a premium Italian wool quality, which makes them very soft, lightweight, and warm.","100% Merino Wool (Extra Fine, Italian origin)","Machine wash cold on a wool cycle or wash it by hand.
Cool iron. 
Do not tumble dry. 
Do not bleach. ",1,175x25cm,,,,,"Red, Blue",€100.00,,Dada scarf Soho,Accessories,Scarfs & Shawls /  Knitwear / Accessories / New in ,,,,,,,,,,,,,,,,,,
AMA-BG-RED-MINI,Amaluma,Petal Bag Mini Red,"EACH BAG IS CRAFTED FROM CAREFULLY SELECTED, UPCYCLED MATERIALS, ENSURING BOTH STYLE AND SUSTAINABILITY. UPCYCLED BEDSHEETS.Every bag comes with a handmade dust bag . Handmade in Berlin.","Recycled polyester, upcycled from premium sheets","Dry cleaning for optimal results. However, if you choose to wash it at home, use a washing machine with cold water or set the temperature to a maximum of 30°C to prevent damage.",1,"Width : 30 cm  
Depth : 20 cm 
Handle : 50 cm",,,,,Red,€99.00,,Petal Bag Mini Red,Bags,Bags / Accessories / New in,,,,,,,,,,,,,,,,,,
AMA-BG-PNK-MINI,Amaluma,Petal Bag Mini Pink,"EACH BAG IS CRAFTED FROM CAREFULLY SELECTED, UPCYCLED MATERIALS, ENSURING BOTH STYLE AND SUSTAINABILITY. UPCYCLED BEDSHEETS.Every bag comes with a handmade dust bag . Handmade in Berlin.","Recycled polyester, upcycled from premium sheets","Dry cleaning for optimal results. However, if you choose to wash it at home, use a washing machine with cold water or set the temperature to a maximum of 30°C to prevent damage.",1,"Width : 30 cm  
Depth : 20 cm 
Handle : 50 cm",,,,,Pink,€99.00,,Petal Bag Mini Pink,Bags,Bags / Accessories / New in,,,,,,,,,,,,,,,,,,
AMA-BG-BLK-MINI,Amaluma,Petal Bag Mini Black,"EACH BAG IS CRAFTED FROM CAREFULLY SELECTED, UPCYCLED MATERIALS, ENSURING BOTH STYLE AND SUSTAINABILITY. UPCYCLED BEDSHEETS.Every bag comes with a handmade dust bag . Handmade in Berlin.","Recycled polyester, upcycled from premium sheets","Dry cleaning for optimal results. However, if you choose to wash it at home, use a washing machine with cold water or set the temperature to a maximum of 30°C to prevent damage.",1,"Width : 30 cm  
Depth : 20 cm 
Handle : 50 cm",,,,,Black,€99.00,,Petal Bag Mini Black,Bags,Bags / Accessories / New in,,,,,,,,,,,,,,,,,,
AMA-BG-BLUE-MINI,Amaluma,Petal Bag Mini BV Blue,"EACH BAG IS CRAFTED FROM CAREFULLY SELECTED, UPCYCLED MATERIALS, ENSURING BOTH STYLE AND SUSTAINABILITY. UPCYCLED BEDSHEETS.Every bag comes with a handmade dust bag . Handmade in Berlin.","Recycled polyester, upcycled from premium sheets","Dry cleaning for optimal results. However, if you choose to wash it at home, use a washing machine with cold water or set the temperature to a maximum of 30°C to prevent damage.",1,"Width : 30 cm  
Depth : 20 cm 
Handle : 50 cm",,,,,Blue,€110.00,,Petal Bag Mini BV Blue,Bags,Bags / Accessories / New in / Collabs,,,,,,,,,,,,,,,,,,
AMA-BG-PNK-MIDI,Amaluma,Petal Bag Midi Pink,"EACH BAG IS CRAFTED FROM CAREFULLY SELECTED, UPCYCLED MATERIALS, ENSURING BOTH STYLE AND SUSTAINABILITY. UPCYCLED BEDSHEETS.Every bag comes with a handmade dust bag . Handmade in Berlin.","Recycled polyester, upcycled from premium sheets","Dry cleaning for optimal results. However, if you choose to wash it at home, use a washing machine with cold water or set the temperature to a maximum of 30°C to prevent damage.",1,"Width : 70 cm 
Depth : 20 cm 
Handle : 90 cm",,,,,Pink,€149.00,,Petal Bag Midi Pink,Bags,Bags / Accessories / New in,,,,,,,,,,,,,,,,,,
ACS-SW-GRE-M-2000s,Art Control Sus,Upcycled 2000S vintage NIKE sweatshirt Green ,"UNIQUE PIECE. SEWN FROM A VINTAGE 2000S NIKE SWEATSHIRT AND A VINTAGE US ARMY DUFFLEBAG. 
SIZE ON LABEL: M
RECOMMENDED SIZE: M / 
CONDITION: VERY GOOD, NO FLAWS. ",,,1,"LENGHT: 62,5cm
PIT TO PIT: 63,5cm
",,,,,Green,€149.99,,Upcycled 2000S vintage NIKE sweatshirt Green ,Sweatshirt,Sweatshirts & pullovers / Women / Men / New in ,,,,,,,,,,,,,,,,,,
ACS-SW-WHI-XL-2000s,Art Control Sus,Upcycled 2000S vintage NIKE sweatshirt White,"UNIQUE PIECE. SEWN FROM A VINTAGE 2000S NIKE SWEATSHIRT AND A VINTAGE BLANKET. 
SIZE ON LABEL: XL / RECOMMENDED SIZE: L - XL
CONDITION: VERY GOOD, NO FLAWS",,,1,"LENGHT: 69cm
PIT TO PIT: 72,5cm",,,,,White,€169.99,,Upcycled 2000S vintage NIKE sweatshirt White,Sweatshirt,Sweatshirts & pullovers / Women / Men / New in ,,,,,,,,,,,,,,,,,,
ACS-SW-GRE-XL-1990s,Art Control Sus,Upcycled 1990S vintage NIKE sweatshirt Grey White,"UNIQUE PIECE. SEWN FROM A VINTAGE 1990S NIKE SWEATSHIRT AND A VINTAGE SWEATSHIRT
SIZE ON LABEL: XL
RECOMMENDED SIZE: L - XL
CONDITION: VERY GOOD, NO FLAWS",,,1,"LENGHT: 69,5cm
PIT TO PIT: 70cm",,,,,Grey / White,€169.99,,Upcycled 1990S vintage NIKE sweatshirt Grey White,Sweatshirt,Sweatshirts & pullovers / Women / Men / New in ,,,,,,,,,,,,,,,,,,
ACS-SW-BLU-XL-1990s,Art Control Sus,Upcycled 1990S vintage NIKE sweatshirt Grey Blue,"UNIQUE PIECE. SEWN FROM A VINTAGE 1990S NIKE SWEATSHIRT AND TWO VINTAGE SWEATSHIRTS
SIZE ON LABEL: M
RECOMMENDED SIZE: M - L
CONDITION: VERY GOOD, SLIGHTLY STRETCHED COLLAR",,,1,"LENGHT: 70cm
PIT TO PIT: 59,5cm",,,,,Grey / Blue,€164.99,,Upcycled 1990S vintage NIKE sweatshirt Grey Blue,Sweatshirt,Sweatshirts & pullovers / Women / Men / New in ,,,,,,,,,,,,,,,,,,
TBD,Art Control Sus,Upcycled Collab piece TBD,,,,,,,,,,,,,TBD,Sweatshirt,Sweatshirts & pullovers / Women / Men / New in / Collabs,,,,,,,,,,,,,,,,,,
KAMPI-BG-BABY-ZEB,Kamping,Baby Kamp Bag Waterproof Zebra,"The Baby Bag is the perfect blend of a belt bag and a stylish crossbody. Sporty, chic, and versatile — it offers enough space for all your essentials such as a 0.5-liter bottle, a Keep Cup, your wallet, a small sweater, and more.
With its detachable strap, it can be worn comfortably, while an optional stylish chain adds a fashionable touch to any outfit.
A practical inner pocket (approx. 18x13 cm) keeps your small essentials like keys or lipstick within easy reach. Made from durable gobelin fabric, the bag is sturdy, long-lasting, and machine washable at 30°C.
The simple, unisex design makes it a perfect everyday companion for anyone.
Weighing just about 120 g, it’s incredibly lightweight and can easily be folded and stored away.
Different straps and chains are available separately.
Handmade in Berlin.","49% Polyester, Baumwolle: 35%, 16% Acryl","Machine washable
Wash at 30°C
Iron at low heat
Do not bleach
Do not tumble dry
Dry clean",,approx. 27 cm x 23 cm x 7 cm (W x H x D),Ziper,Gold / Silver,Shoulder strapw,With / Without,Zebra,"€59,00 EUR - €79,00 EUR",,Baby Kamp Bag Zebra,Bags,Bags / Accessories / New in ,,The variant SHOULDER STRAP is what increases or lowers the price,,,,,,,,,,,,,,,,
KAMPI-BG-BABY-BLU,Kamping,Baby Kamp Bag Waterproof Blue,"The Baby Bag is the perfect blend of a belt bag and a stylish crossbody bag. Sporty, chic, and versatile — it offers enough space for all your essentials such as a 0.5-liter bottle, a Keep Cup, your wallet, a small sweater, and more.
With its detachable strap, it can be worn comfortably, while an optional stylish chain adds a fashionable touch to any outfit.
A practical inner pocket (approx. 18x13 cm) keeps your small items like keys or lipstick within easy reach.
Made from water-resistant ripstop material, the bag is durable, long-lasting, and machine washable at 30°C.

Note: Due to the zipper and external seams, moisture may penetrate in heavy rain. The material is waterproof up to a water column pressure of 5,000 mm, making it suitable for heavier showers or a few hours in light rain.
The simple, unisex design makes it a perfect companion for everyone.
Weighing only about 80 g, it’s incredibly lightweight and easy to fold and store.
Different straps and chains are available separately.
Handmade in Berlin.",100% Polyester: wasserfester Ripstop ,"Machine washable
Wash at 30°C
Iron at low heat
Do not bleach
Do not tumble dry
Dry clean",,approx. 27 cm x 23 cm x 7 cm (W x H x D),Ziper,Gold / Silver,Shoulder strapw,With / Without,Blue,"€59,00 EUR - €79,00 EUR",,Baby Kamp Bag Blue,Bags,Bags / Accessories / New in ,,The variant SHOULDER STRAP is what increases or lowers the price,,,,,,,,,,,,,,,,
KAMPI-BG-BABY-BRO,Kamping,Baby Kamp Bag Waterproof Brown,"The Baby Bag is the perfect blend of a belt bag and a stylish crossbody bag. Sporty, chic, and versatile — it offers enough space for all your essentials such as a 0.5-liter bottle, a Keep Cup, your wallet, a small sweater, and more.
With its detachable strap, it can be worn comfortably, while an optional stylish chain adds a fashionable touch to any outfit.
A practical inner pocket (approx. 18x13 cm) keeps your small items like keys or lipstick within easy reach.
Made from water-resistant ripstop material, the bag is durable, long-lasting, and machine washable at 30°C.

Note: Due to the zipper and external seams, moisture may penetrate in heavy rain. The material is waterproof up to a water column pressure of 5,000 mm, making it suitable for heavier showers or a few hours in light rain.
The simple, unisex design makes it a perfect companion for everyone.
Weighing only about 80 g, it’s incredibly lightweight and easy to fold and store.
Different straps and chains are available separately.
Handmade in Berlin.",100% Polyester: wasserfester Ripstop ,"Machine washable
Wash at 30°C
Iron at low heat
Do not bleach
Do not tumble dry
Dry clean",,approx. 27 cm x 23 cm x 7 cm (W x H x D),Ziper,Gold / Silver,Shoulder strapw,With / Without,Brown,"€59,00 EUR - €79,00 EUR",,Baby Kamp Bag Brown,Bags,Bags / Accessories / New in ,,The variant SHOULDER STRAP is what increases or lowers the price,,,,,,,,,,,,,,,,
KAMPI-BG-BABY-MOC,Kamping,Baby Kamp Bag Waterproof Mocha,"The Baby Bag is the perfect blend of a belt bag and a stylish crossbody bag. Sporty, chic, and versatile — it offers enough space for all your essentials such as a 0.5-liter bottle, a Keep Cup, your wallet, a small sweater, and more.
With its detachable strap, it can be worn comfortably, while an optional stylish chain adds a fashionable touch to any outfit.
A practical inner pocket (approx. 18x13 cm) keeps your small items like keys or lipstick within easy reach.
Made from water-resistant ripstop material, the bag is durable, long-lasting, and machine washable at 30°C.

Note: Due to the zipper and external seams, moisture may penetrate in heavy rain. The material is waterproof up to a water column pressure of 5,000 mm, making it suitable for heavier showers or a few hours in light rain.
The simple, unisex design makes it a perfect companion for everyone.
Weighing only about 80 g, it’s incredibly lightweight and easy to fold and store.
Different straps and chains are available separately.
Handmade in Berlin.",100% Polyester: wasserfester Ripstop ,"Machine washable
Wash at 30°C
Iron at low heat
Do not bleach
Do not tumble dry
Dry clean",,approx. 27 cm x 23 cm x 7 cm (W x H x D),Ziper,Gold / Silver,Shoulder strapw,With / Without,Mocha,"€59,00 EUR - €79,00 EUR",,Baby Kamp Bag Mocha,Bags,Bags / Accessories / New in ,,The variant SHOULDER STRAP is what increases or lowers the price,,,,,,,,,,,,,,,,
KAMPI-BG-BABY-BLK,Kamping,Baby Kamp Bag Waterproof Charcoal Black,"The Baby Bag is the perfect blend of a belt bag and a stylish crossbody bag. Sporty, chic, and versatile — it offers enough space for all your essentials such as a 0.5-liter bottle, a Keep Cup, your wallet, a small sweater, and more.
With its detachable strap, it can be worn comfortably, while an optional stylish chain adds a fashionable touch to any outfit.
A practical inner pocket (approx. 18x13 cm) keeps your small items like keys or lipstick within easy reach.
Made from water-resistant ripstop material, the bag is durable, long-lasting, and machine washable at 30°C.

Note: Due to the zipper and external seams, moisture may penetrate in heavy rain. The material is waterproof up to a water column pressure of 5,000 mm, making it suitable for heavier showers or a few hours in light rain.
The simple, unisex design makes it a perfect companion for everyone.
Weighing only about 80 g, it’s incredibly lightweight and easy to fold and store.
Different straps and chains are available separately.
Handmade in Berlin.",100% Polyester: wasserfester Ripstop ,"Machine washable
Wash at 30°C
Iron at low heat
Do not bleach
Do not tumble dry
Dry clean",,approx. 27 cm x 23 cm x 7 cm (W x H x D),Ziper,Gold / Silver,Shoulder strapw,With / Without,Charcoal black,"€59,00 EUR - €79,00 EUR",,Baby Kamp Bag Charcoal Black,Bags,Bags / Accessories / New in ,,The variant SHOULDER STRAP is what increases or lowers the price,,,,,,,,,,,,,,,,
KAMPI-BG-BABY-PNK,Kamping,Baby Kamp Bag Waterproof Pink Berry,"The Baby Bag is the perfect blend of a belt bag and a stylish crossbody bag. Sporty, chic, and versatile — it offers enough space for all your essentials such as a 0.5-liter bottle, a Keep Cup, your wallet, a small sweater, and more.
With its detachable strap, it can be worn comfortably, while an optional stylish chain adds a fashionable touch to any outfit.
A practical inner pocket (approx. 18x13 cm) keeps your small items like keys or lipstick within easy reach.
Made from water-resistant ripstop material, the bag is durable, long-lasting, and machine washable at 30°C.

Note: Due to the zipper and external seams, moisture may penetrate in heavy rain. The material is waterproof up to a water column pressure of 5,000 mm, making it suitable for heavier showers or a few hours in light rain.
The simple, unisex design makes it a perfect companion for everyone.
Weighing only about 80 g, it’s incredibly lightweight and easy to fold and store.
Different straps and chains are available separately.
Handmade in Berlin.",100% Polyester: wasserfester Ripstop ,"Machine washable
Wash at 30°C
Iron at low heat
Do not bleach
Do not tumble dry
Dry clean",,approx. 27 cm x 23 cm x 7 cm (W x H x D),Ziper,Gold / Silver,Shoulder strapw,With / Without,Pink Berry,"€59,00 EUR - €79,00 EUR",,Baby Kamp Bag Pink Berry,Bags,Bags / Accessories / New in ,,The variant SHOULDER STRAP is what increases or lowers the price,,,,,,,,,,,,,,,,
KAMPI-BG-EVRDAY-ZEB,Kamping,Everyday Bag Waterproof Zebra,"The Everyday Bag is your reliable companion for work, university, and daily life. With its generous size, it easily fits a 13"" or 15"" laptop, documents, or books, and can even serve as a small carry-on for flights. An inner pocket (23x18 cm) keeps smaller items like your keys or wallet safely stored.
New: You can now use the Everyday Bag (as well as all our other bags) with our practical crossbody straps and acrylic chains.
Made from durable gobelin fabric, it’s long-lasting and machine washable at 30°C. Weighing around 200 g, it’s lightweight and easy to fold and store.
With its functional and unisex design, it’s the ideal choice for everyday use.
Handmade in Berlin.","49% Polyester, 35% Cotton, 16% Acrylic","Machine washable
Wash at 30°C
Iron at low heat
Do not bleach
Do not tumble dry
Dry clean",,Dimensions: approx. 42 x 34 x 8 cm (W x H x D),Ziper,Gold / Silver,Shoulder strapw,With / Without,Zebra,"€79,00 EUR - €99,00 EUR",,Everyday Bag Zebra,Bags,Bags / Accessories / New in ,,The variant SHOULDER STRAP is what increases or lowers the price,,,,,,,,,,,,,,,,
KAMPI-BG-EVRDAY-BLU,Kamping,Everyday Bag Waterproof Blue,"The Everyday Bag is your reliable companion for work, university, and daily life. With its generous size, it easily fits a 13"" or 15"" laptop, documents, or books, and can even serve as a small carry-on for flights. An inner pocket (23x18 cm) keeps smaller items like your keys or wallet safely stored.
New: You can now use the Everyday Bag (as well as all our other bags) with our practical crossbody straps and acrylic chains.
Made from durable gobelin fabric, it’s long-lasting and machine washable at 30°C. Weighing around 200 g, it’s lightweight and easy to fold and store.
With its functional and unisex design, it’s the ideal choice for everyday use.
Handmade in Berlin.",100% Polyester: wasserfester Ripstop ,"Machine washable
Wash at 30°C
Iron at low heat
Do not bleach
Do not tumble dry
Dry clean",,Dimensions: approx. 42 x 34 x 8 cm (W x H x D),Ziper,Gold / Silver,Shoulder strapw,With / Without,Blue,"€79,00 EUR - €99,00 EUR",,Everyday Bag Blue,Bags,Bags / Accessories / New in ,,The variant SHOULDER STRAP is what increases or lowers the price,,,,,,,,,,,,,,,,
KAMPI-BG-EVRDAY-BRO,Kamping,Everyday Bag Waterproof Brown,"The Everyday Bag is your reliable companion for work, university, and daily life. With its generous size, it easily fits a 13"" or 15"" laptop, documents, or books, and can even serve as a small carry-on for flights. An inner pocket (23x18 cm) keeps smaller items like your keys or wallet safely stored.
New: You can now use the Everyday Bag (as well as all our other bags) with our practical crossbody straps and acrylic chains.
Made from durable gobelin fabric, it’s long-lasting and machine washable at 30°C. Weighing around 200 g, it’s lightweight and easy to fold and store.
With its functional and unisex design, it’s the ideal choice for everyday use.
Handmade in Berlin.",100% Polyester: wasserfester Ripstop ,"Machine washable
Wash at 30°C
Iron at low heat
Do not bleach
Do not tumble dry
Dry clean",,Dimensions: approx. 42 x 34 x 8 cm (W x H x D),Ziper,Gold / Silver,Shoulder strapw,With / Without,Brown,"€79,00 EUR - €99,00 EUR",,Everyday Bag Brown,Bags,Bags / Accessories / New in ,,The variant SHOULDER STRAP is what increases or lowers the price,,,,,,,,,,,,,,,,
KAMPI-BG-EVRDAY-MOC,Kamping,Everyday Bag Waterproof Mocha,"The Everyday Bag is your reliable companion for work, university, and daily life. With its generous size, it easily fits a 13"" or 15"" laptop, documents, or books, and can even serve as a small carry-on for flights. An inner pocket (23x18 cm) keeps smaller items like your keys or wallet safely stored.
New: You can now use the Everyday Bag (as well as all our other bags) with our practical crossbody straps and acrylic chains.
Made from durable gobelin fabric, it’s long-lasting and machine washable at 30°C. Weighing around 200 g, it’s lightweight and easy to fold and store.
With its functional and unisex design, it’s the ideal choice for everyday use.
Handmade in Berlin.",100% Polyester: wasserfester Ripstop ,"Machine washable
Wash at 30°C
Iron at low heat
Do not bleach
Do not tumble dry
Dry clean",,Dimensions: approx. 42 x 34 x 8 cm (W x H x D),Ziper,Gold / Silver,Shoulder strapw,With / Without,Mocha,"€79,00 EUR - €99,00 EUR",,Everyday Bag  Mocha,Bags,Bags / Accessories / New in ,,The variant SHOULDER STRAP is what increases or lowers the price,,,,,,,,,,,,,,,,
KAMPI-BG-EVRDAY-BLK,Kamping,Everyday Bag Waterproof Charcoal Black,"The Everyday Bag is your reliable companion for work, university, and daily life. With its generous size, it easily fits a 13"" or 15"" laptop, documents, or books, and can even serve as a small carry-on for flights. An inner pocket (23x18 cm) keeps smaller items like your keys or wallet safely stored.
New: You can now use the Everyday Bag (as well as all our other bags) with our practical crossbody straps and acrylic chains.
Made from durable gobelin fabric, it’s long-lasting and machine washable at 30°C. Weighing around 200 g, it’s lightweight and easy to fold and store.
With its functional and unisex design, it’s the ideal choice for everyday use.
Handmade in Berlin.",100% Polyester: wasserfester Ripstop ,"Machine washable
Wash at 30°C
Iron at low heat
Do not bleach
Do not tumble dry
Dry clean",,Dimensions: approx. 42 x 34 x 8 cm (W x H x D),Ziper,Gold / Silver,Shoulder strapw,With / Without,Charcoal black,"€79,00 EUR - €99,00 EUR",,Everyday Bag Charcoal Black,Bags,Bags / Accessories / New in ,,The variant SHOULDER STRAP is what increases or lowers the price,,,,,,,,,,,,,,,,
KAMPI-BG-EVRDAY-GRE,Kamping,Everyday Bag Waterproof Waterproof Matcha Green,"The Everyday Bag is your reliable companion for work, university, and daily life. With its generous size, it easily fits a 13"" or 15"" laptop, documents, or books, and can even serve as a small carry-on for flights. An inner pocket (23x18 cm) keeps smaller items like your keys or wallet safely stored.
New: You can now use the Everyday Bag (as well as all our other bags) with our practical crossbody straps and acrylic chains.
Made from durable gobelin fabric, it’s long-lasting and machine washable at 30°C. Weighing around 200 g, it’s lightweight and easy to fold and store.
With its functional and unisex design, it’s the ideal choice for everyday use.
Handmade in Berlin.",100% Polyester: wasserfester Ripstop ,"Machine washable
Wash at 30°C
Iron at low heat
Do not bleach
Do not tumble dry
Dry clean",,Dimensions: approx. 42 x 34 x 8 cm (W x H x D),Ziper,Gold / Silver,Shoulder strapw,With / Without,Matcha green,"€79,00 EUR - €99,00 EUR",,Everyday Bag Matcha Green,Bags,Bags / Accessories / New in ,,The variant SHOULDER STRAP is what increases or lowers the price,,,,,,,,,,,,,,,,
KAMPI-BG-MOM-ZEB,Kamping,Mom Bag / Weekender Waterproof Zebra,"The Mom Bag / Weekender is the ultimate all-rounder — perfect for moms, sports, sauna visits, or weekend trips. It offers plenty of space for everything you need, whether for travel, day trips, or as a spacious carry-on bag for flights.
New: From now on, you can use all our bags — including the Mom Bag — with our practical crossbody straps and acrylic chains.
The bag can hold up to 10 kg and remains strong and durable thanks to its sturdy material. A practical inner pocket (23x18 cm) keeps smaller items like your phone or wallet easily accessible.
Weighing just about 300 g, it’s incredibly lightweight and can be easily folded and stored away.
A particularly practical feature: you can also wear the bag as a shoulder or crossbody bag without an additional strap — ideal for cycling or attaching to a stroller. For more flexibility, however, we recommend adding the separate shoulder strap
With its zip closure, your belongings stay safely stored. The bag is also machine washable at 30°C, and its minimal, unisex design makes it a perfect companion for any occasion.
Handmade in Berlin.","49% Polyester, 35% Cotton, 16% Acrylic","Machine washable
Wash at 30°C
Iron at low heat
Do not bleach
Do not tumble dry
Dry clean",,Dimensions: approx. 60 x 45 x 10 cm (W x H x D),Ziper,Gold / Silver,Shoulder strapw,With / Without,Zebra,"€89,00 EUR - €109,00 EUR",,Mom Bag / Weekender Zebra,Bags,Bags / Accessories / New in ,,The variant SHOULDER STRAP is what increases or lowers the price,,,,,,,,,,,,,,,,
KAMPI-BG-MOM-BLU,Kamping,Mom Bag / Weekender Waterproof Blue,"The Mom Bag / Weekender is the ultimate all-rounder — perfect for moms, sports, sauna visits, or weekend trips. It offers plenty of space for everything you need, whether for travel, day trips, or as a spacious carry-on bag for flights.
New: From now on, you can use all our bags — including the Mom Bag — with our practical crossbody straps and acrylic chains.
The bag can hold up to 10 kg and remains extremely robust and durable thanks to its water-resistant ripstop material. A practical inner pocket (23x18 cm) keeps smaller items like your phone or wallet easily accessible.
Weighing just about 230 g, it’s incredibly lightweight and can easily be folded and stored away.
A particularly practical feature: you can also wear the bag as a shoulder or crossbody bag without an additional strap — ideal for cycling or attaching to a stroller. For more flexibility, however, we recommend adding the separate shoulder strap.
With its zip closure, your belongings stay safely stored. The bag is also machine washable at 30°C, and its minimal, unisex design makes it a perfect companion for any occasion.
Note: Light moisture may enter through the zipper or seams. The material is waterproof up to a water column pressure of 5,000 mm, making it suitable for heavier showers or a few hours in light rain.
Handmade in Berlin.",100% Polyester: wasserfester Ripstop ,"Machine washable
Wash at 30°C
Iron at low heat
Do not bleach
Do not tumble dry
Dry clean",,Dimensions: approx. 60 x 45 x 10 cm (W x H x D),Ziper,Gold / Silver,Shoulder strapw,With / Without,Blue,"€89,00 EUR - €109,00 EUR",,Mom Bag / Weekender Blue,Bags,Bags / Accessories / New in ,,The variant SHOULDER STRAP is what increases or lowers the price,,,,,,,,,,,,,,,,
KAMPI-BG-MOM-BRO,Kamping,Mom Bag / Weekender Waterproof Brown,"The Mom Bag / Weekender is the ultimate all-rounder — perfect for moms, sports, sauna visits, or weekend trips. It offers plenty of space for everything you need, whether for travel, day trips, or as a spacious carry-on bag for flights.
New: From now on, you can use all our bags — including the Mom Bag — with our practical crossbody straps and acrylic chains.
The bag can hold up to 10 kg and remains extremely robust and durable thanks to its water-resistant ripstop material. A practical inner pocket (23x18 cm) keeps smaller items like your phone or wallet easily accessible.
Weighing just about 230 g, it’s incredibly lightweight and can easily be folded and stored away.
A particularly practical feature: you can also wear the bag as a shoulder or crossbody bag without an additional strap — ideal for cycling or attaching to a stroller. For more flexibility, however, we recommend adding the separate shoulder strap.
With its zip closure, your belongings stay safely stored. The bag is also machine washable at 30°C, and its minimal, unisex design makes it a perfect companion for any occasion.
Note: Light moisture may enter through the zipper or seams. The material is waterproof up to a water column pressure of 5,000 mm, making it suitable for heavier showers or a few hours in light rain.
Handmade in Berlin.",,"Machine washable
Wash at 30°C
Iron at low heat
Do not bleach
Do not tumble dry
Dry clean",,Dimensions: approx. 60 x 45 x 10 cm (W x H x D),Ziper,Gold / Silver,Shoulder strapw,With / Without,Brown,"€89,00 EUR - €109,00 EUR",,Mom Bag / Weekender Brown,Bags,Bags / Accessories / New in ,,The variant SHOULDER STRAP is what increases or lowers the price,,,,,,,,,,,,,,,,
KAMPI-BG-MOM-MOC,Kamping,Mom Bag / Weekender Waterproof Mocha,"The Mom Bag / Weekender is the ultimate all-rounder — perfect for moms, sports, sauna visits, or weekend trips. It offers plenty of space for everything you need, whether for travel, day trips, or as a spacious carry-on bag for flights.
New: From now on, you can use all our bags — including the Mom Bag — with our practical crossbody straps and acrylic chains.
The bag can hold up to 10 kg and remains extremely robust and durable thanks to its water-resistant ripstop material. A practical inner pocket (23x18 cm) keeps smaller items like your phone or wallet easily accessible.
Weighing just about 230 g, it’s incredibly lightweight and can easily be folded and stored away.
A particularly practical feature: you can also wear the bag as a shoulder or crossbody bag without an additional strap — ideal for cycling or attaching to a stroller. For more flexibility, however, we recommend adding the separate shoulder strap.
With its zip closure, your belongings stay safely stored. The bag is also machine washable at 30°C, and its minimal, unisex design makes it a perfect companion for any occasion.
Note: Light moisture may enter through the zipper or seams. The material is waterproof up to a water column pressure of 5,000 mm, making it suitable for heavier showers or a few hours in light rain.
Handmade in Berlin.",,"Machine washable
Wash at 30°C
Iron at low heat
Do not bleach
Do not tumble dry
Dry clean",,Dimensions: approx. 60 x 45 x 10 cm (W x H x D),Ziper,Gold / Silver,Shoulder strapw,With / Without,Mocha,"€89,00 EUR - €109,00 EUR",,Mom Bag / Weekender Mocha,Bags,Bags / Accessories / New in ,,The variant SHOULDER STRAP is what increases or lowers the price,,,,,,,,,,,,,,,,
KAMPI-BG-MOM-BLK,Kamping,Mom Bag / Weekender Waterproof Charcoal Black,"The Mom Bag / Weekender is the ultimate all-rounder — perfect for moms, sports, sauna visits, or weekend trips. It offers plenty of space for everything you need, whether for travel, day trips, or as a spacious carry-on bag for flights.
New: From now on, you can use all our bags — including the Mom Bag — with our practical crossbody straps and acrylic chains.
The bag can hold up to 10 kg and remains extremely robust and durable thanks to its water-resistant ripstop material. A practical inner pocket (23x18 cm) keeps smaller items like your phone or wallet easily accessible.
Weighing just about 230 g, it’s incredibly lightweight and can easily be folded and stored away.
A particularly practical feature: you can also wear the bag as a shoulder or crossbody bag without an additional strap — ideal for cycling or attaching to a stroller. For more flexibility, however, we recommend adding the separate shoulder strap.
With its zip closure, your belongings stay safely stored. The bag is also machine washable at 30°C, and its minimal, unisex design makes it a perfect companion for any occasion.
Note: Light moisture may enter through the zipper or seams. The material is waterproof up to a water column pressure of 5,000 mm, making it suitable for heavier showers or a few hours in light rain.
Handmade in Berlin.",,"Machine washable
Wash at 30°C
Iron at low heat
Do not bleach
Do not tumble dry
Dry clean",,Dimensions: approx. 60 x 45 x 10 cm (W x H x D),Ziper,Gold / Silver,Shoulder strapw,With / Without,Charcoal black,"€89,00 EUR - €109,00 EUR",,Mom Bag / Weekender Charcoal Black,Bags,Bags / Accessories / New in ,,The variant SHOULDER STRAP is what increases or lowers the price,,,,,,,,,,,,,,,,
KAMPI-BG-MOM-GRE,Kamping,Mom Bag / Weekender Waterproof Waterproof Matcha Green,"The Mom Bag / Weekender is the ultimate all-rounder — perfect for moms, sports, sauna visits, or weekend trips. It offers plenty of space for everything you need, whether for travel, day trips, or as a spacious carry-on bag for flights.
New: From now on, you can use all our bags — including the Mom Bag — with our practical crossbody straps and acrylic chains.
The bag can hold up to 10 kg and remains extremely robust and durable thanks to its water-resistant ripstop material. A practical inner pocket (23x18 cm) keeps smaller items like your phone or wallet easily accessible.
Weighing just about 230 g, it’s incredibly lightweight and can easily be folded and stored away.
A particularly practical feature: you can also wear the bag as a shoulder or crossbody bag without an additional strap — ideal for cycling or attaching to a stroller. For more flexibility, however, we recommend adding the separate shoulder strap.
With its zip closure, your belongings stay safely stored. The bag is also machine washable at 30°C, and its minimal, unisex design makes it a perfect companion for any occasion.
Note: Light moisture may enter through the zipper or seams. The material is waterproof up to a water column pressure of 5,000 mm, making it suitable for heavier showers or a few hours in light rain.
Handmade in Berlin.",,"Machine washable
Wash at 30°C
Iron at low heat
Do not bleach
Do not tumble dry
Dry clean",,Dimensions: approx. 60 x 45 x 10 cm (W x H x D),Ziper,Gold / Silver,Shoulder strapw,With / Without,Matcha green,"€89,00 EUR - €109,00 EUR",,Mom Bag / Weekender Waterproof Matcha Green,Bags,Bags / Accessories / New in ,,The variant SHOULDER STRAP is what increases or lowers the price,,,,,,,,,,,,,,,,
BEVANG-VES-BLK,Bevang by Maíra Becke,No more wars please vest,,,,,,,,,,,,,No more wars please vest,,Outerwear / Women / Men / New in ,,,,,,,,,,,,,,,,,,
BEVANG-JCK-PINK,Bevang by Maíra Becke,Much more than a leather jacket,,,,,,,,,,,,,Much more than a leather jacket,,Outerwear / Women / New in ,,,,,,,,,,,,,,,,,,
BEVANG-DRE-BLK,Bevang by Maíra Becke,Not just an overall,,,,,,,,,,,,,Not just an overall,,Outerwear / Women / Men / New in ,,,,,,,,,,,,,,,,,,







Images: https://drive.google.com/drive/u/0/folders/1W6qoOy3QF2I-p4e5FBq1y5tcUGztO5hy,,,,,,,,,,,,,,,,,,,,,,,,,,,,,,,,,,,

SKU,,,,,,,,,,,,,,,,,,,,,,,,,,,,,,,,,,,
Brand (BEVANG),,,,,,,,,,,,,,,,,,,,,,,,,,,,,,,,,,,
"Category code (TS = T-shirt, SW = Sweatshirt)",,,,,,,,,,,,,,,,,,,,,,,,,,,,,,,,,,,
"Color code (BLK = Black, WHT = White)",,,,,,,,,,,,,,,,,,,,,,,,,,,,,,,,,,,
"Size code (S, M, L, XL)",,,,,,,,,,,,,,,,,,,,,,,,,,,,,,,,,,,
Optional: season/year or collection,,,,,,,,,,,,,,,,,,,,,,,,,,,,,,,,,,,
👉 Example SKU:,,,,,,,,,,,,,,,,,,,,,,,,,,,,,,,,,,,
"BEVANG-TS-BLK-S → T-shirt, Black, Small",,,,,,,,,,,,,,,,,,,,,,,,,,,,,,,,,,,































































































































































































































































































































































































































































































































































































































































































































































































































































































































































































SKU,Brand,Product Name,Description,Materials Composition,Cleaning tips,Quantity,Sizes,Variant 1 Type,Variant 1 Value A,Variant 2 Type,Variant 2 Value,Colour,Sell Price,Weight,Image name,Main category,Categories tags,Return Policy,Comment,,,,,,,,,,,,,,,,
DADA-SC-SAMBA,Dada ,Scarf Samba,"Das Design des Schals Samba wurde mit handwerklichen Techniken entworfen – eine Collage aus Papier und Farbe, die anschließend in ein Strickmuster übersetzt wurde. Alle unsere Schals werden mit Stolz in Deutschland hergestellt, aus hochwertigem Volljacquard-Strick mit 100% weichem Acrylgarn, was sie besonders angenehm zu tragen macht.",100% Acryl,"Maschinenwäsche im Wollwaschgang bei niedriger Temperatur oder Handwäsche.
Kühl bügeln.
Nicht im Trockner trocknen.
Nicht bleichen.",2,200x17cm,,,,,"Grün, Rosa",€70.00,,Dada scarf Samba,Accessories,Scarfs & Shawls /  Knitwear / Accessories / New in ,,,,,,,,,,,,,,,,,,
DADA-SC-ACID,Dada ,Scarf Acid,"Das Design des Schals Acid wurde mit handwerklichen Techniken entworfen – eine Collage aus Papier und Farbe, die anschließend in ein Strickmuster übersetzt wurde. Alle unsere Schals werden mit Stolz in Deutschland hergestellt, aus hochwertigem Volljacquard-Strick mit 100% weichem Acrylgarn, was sie besonders angenehm zu tragen macht.",100% Acryl,"Maschinenwäsche im Wollwaschgang bei niedriger Temperatur oder Handwäsche.
Kühl bügeln.
Nicht im Trockner trocknen.
Nicht bleichen.",7,200x17cm,,,,,"Orange, Lila",€70.00,,Dada scarf Acid,Accessories,Scarfs & Shawls /  Knitwear / Accessories / New in ,,,,,,,,,,,,,,,,,,
DADA-SC-ABSTR,Dada ,Scarf Abstract,"Das Design des Schals Abstract wurde mit handwerklichen Techniken entworfen – eine Collage aus Papier und Farbe, die anschließend in ein Strickmuster übersetzt wurde. Alle unsere Schals werden mit Stolz in Deutschland hergestellt, aus hochwertigem Volljacquard-Strick mit 100% weichem Acrylgarn, was sie besonders angenehm zu tragen macht.",100% Acryl,"Maschinenwäsche im Wollwaschgang bei niedriger Temperatur oder Handwäsche.
Kühl bügeln.
Nicht im Trockner trocknen.
Nicht bleichen.",6,200x17cm,,,,,Mehrfarbig,€70.00,,Dada scarf Abstract,Accessories,Scarfs & Shawls /  Knitwear / Accessories / New in ,,,,,,,,,,,,,,,,,,
DADA-SC-NEON,Dada ,Scarf Neon,"Das Design des Schals Neon wurde mit handwerklichen Techniken entworfen – eine Collage aus Papier und Farbe, die anschließend in ein Strickmuster übersetzt wurde. Alle unsere Schals werden mit Stolz in Deutschland hergestellt, aus hochwertigem Volljacquard-Strick mit 100% weichem Acrylgarn, was sie besonders angenehm zu tragen macht.",100% Acryl,"Maschinenwäsche im Wollwaschgang bei niedriger Temperatur oder Handwäsche.
Kühl bügeln.
Nicht im Trockner trocknen.
Nicht bleichen.",2,200x17cm,,,,,"Neongrün, grau",€70.00,,Dada scarf Neon,Accessories,Scarfs & Shawls /  Knitwear / Accessories / New in ,,,,,,,,,,,,,,,,,,
DADA-SC-LOLA,Dada ,Scarf Lola,"Das Design des Schals Lola wurde mit handwerklichen Techniken entworfen – eine Collage aus Papier und Farbe, die anschließend in ein Strickmuster übersetzt wurde. Alle unsere Schals werden mit Stolz in Deutschland hergestellt, aus hochwertigem Volljacquard-Strick mit 100% weichem Acrylgarn, was sie besonders angenehm zu tragen macht.",100% Acryl,"Maschinenwäsche im Wollwaschgang bei niedriger Temperatur oder Handwäsche.
Kühl bügeln.
Nicht im Trockner trocknen.
Nicht bleichen.",2,200x17cm,,,,,Mehrfarbig,€70.00,,Dada scarf Lola,Accessories,Scarfs & Shawls /  Knitwear / Accessories / New in ,,,,,,,,,,,,,,,,,,
DADA-SC-JAZZ,Dada ,Scarf Jazz,"Das Design des Schals Jazz wurde mit handwerklichen Techniken entworfen – eine Collage aus Papier und Farbe, die anschließend in ein Strickmuster übersetzt wurde. Alle unsere Schals werden mit Stolz in Deutschland hergestellt, aus hochwertigem Volljacquard-Strick mit 100% weichem Acrylgarn, was sie besonders angenehm zu tragen macht.",100% Acryl,"Maschinenwäsche im Wollwaschgang bei niedriger Temperatur oder Handwäsche.
Kühl bügeln.
Nicht im Trockner trocknen.
Nicht bleichen.",2,200x17cm,,,,,Mehrfarbig,€70.00,,Dada scarf Jazz,Accessories,Scarfs & Shawls /  Knitwear / Accessories / New in ,,,,,,,,,,,,,,,,,,
DADA-SC-HERBS,Dada ,Scarf Herbst ,"Das Design des Schals Herbst wurde mit handwerklichen Techniken entworfen – eine Collage aus Papier und Farbe, die anschließend in ein Strickmuster übersetzt wurde. Alle unsere Schals werden mit Stolz in Deutschland hergestellt, aus hochwertigem Volljacquard-Strick mit 100% weichem Acrylgarn, was sie besonders angenehm zu tragen macht.",100% Acryl,"Maschinenwäsche im Wollwaschgang bei niedriger Temperatur oder Handwäsche.
Kühl bügeln.
Nicht im Trockner trocknen.
Nicht bleichen.",2,200x17cm,,,,,Mehrfarbig,€70.00,,Dada scarf Herbst,Accessories,Scarfs & Shawls /  Knitwear / Accessories / New in ,,,,,,,,,,,,,,,,,,
DADA-SC-MONO,Dada ,Scarf Mono,"Das Design des Schals Mono wurde mit handwerklichen Techniken entworfen – eine Collage aus Papier und Farbe, die anschließend in ein Strickmuster übersetzt wurde. Er wird mit Stolz in Deutschland hergestellt, aus 100% extrafeiner Merinowolle. Diese hochwertige italienische Wolle macht ihn besonders weich, leicht und warm.","100% Merinowolle (Extra fein, Herkunft: Italien)","Maschinenwäsche im Wollwaschgang bei niedriger Temperatur oder Handwäsche.
Kühl bügeln.
Nicht im Trockner trocknen.
Nicht bleichen.",2,175x25cm,,,,,"Schwarz, Weiß",€100.00,,Dada scarf Mono,Accessories,Scarfs & Shawls /  Knitwear / Accessories / New in ,,,,,,,,,,,,,,,,,,
DADA-SC-BOHO,Dada ,Scarf Boho,"Das Design des Schals Boho wurde mit handwerklichen Techniken entworfen – eine Collage aus Papier und Farbe, die anschließend in ein Strickmuster übersetzt wurde. Er wird mit Stolz in Deutschland hergestellt, aus 100% extrafeiner Merinowolle. Diese hochwertige italienische Wolle macht ihn besonders weich, leicht und warm.","100% Merinowolle (Extra fein, Herkunft: Italien)","Maschinenwäsche im Wollwaschgang bei niedriger Temperatur oder Handwäsche.
Kühl bügeln.
Nicht im Trockner trocknen.
Nicht bleichen.",2,175x25cm,,,,,"Schwarz, Beige",€100.00,,Dada scarf Boho,Accessories,Scarfs & Shawls /  Knitwear / Accessories / New in ,,,,,,,,,,,,,,,,,,
DADA-SC-SOHO,Dada ,Scarf Soho,"Das Design des Schals Soho wurde mit handwerklichen Techniken entworfen – eine Collage aus Papier und Farbe, die anschließend in ein Strickmuster übersetzt wurde. Er wird mit Stolz in Deutschland hergestellt, aus 100% extrafeiner Merinowolle. Diese hochwertige italienische Wolle macht ihn besonders weich, leicht und warm.","100% Merinowolle (Extra fein, Herkunft: Italien)","Maschinenwäsche im Wollwaschgang bei niedriger Temperatur oder Handwäsche.
Kühl bügeln.
Nicht im Trockner trocknen.
Nicht bleichen.",1,175x25cm,,,,,"Rot, Blau",€100.00,,Dada scarf Soho,Accessories,Scarfs & Shawls /  Knitwear / Accessories / New in ,,,,,,,,,,,,,,,,,,
AMA-BG-RED-MINI,Amaluma,Petal Bag Mini Red,"Jede Tasche wird aus sorgfältig ausgewählten, upgecycelten Materialien gefertigt und vereint Stil und Nachhaltigkeit. Gefertigt aus upgecycelten Bettlaken. Jede Tasche wird mit einem handgefertigten Staubbeutel geliefert. Handgefertigt in Berlin.","Recyceltes Polyester, upgecycelt aus hochwertigen Bettlaken.","Chemische Reinigung für optimale Ergebnisse. Wenn du dich jedoch entscheidest, das Stück zu Hause zu waschen, verwende die Waschmaschine mit kaltem Wasser oder stelle die Temperatur auf maximal 30 °C ein, um Schäden zu vermeiden.",1,"Breite : 30 cm  
Tiefe : 20 cm 
Henkel : 50 cm",,,,,Rot,€99.00,,Petal Bag Mini Red,Bags,Bags / Accessories / New in,,,,,,,,,,,,,,,,,,
AMA-BG-PNK-MINI,Amaluma,Petal Bag Mini Pink,"Jede Tasche wird aus sorgfältig ausgewählten, upgecycelten Materialien gefertigt und vereint Stil und Nachhaltigkeit. Gefertigt aus upgecycelten Bettlaken. Jede Tasche wird mit einem handgefertigten Staubbeutel geliefert. Handgefertigt in Berlin.","Recyceltes Polyester, upgecycelt aus hochwertigen Bettlaken.","Chemische Reinigung für optimale Ergebnisse. Wenn du dich jedoch entscheidest, das Stück zu Hause zu waschen, verwende die Waschmaschine mit kaltem Wasser oder stelle die Temperatur auf maximal 30 °C ein, um Schäden zu vermeiden.",1,"Breite : 30 cm  
Tiefe : 20 cm 
Henkel : 50 cm",,,,,Rosa,€99.00,,Petal Bag Mini Pink,Bags,Bags / Accessories / New in,,,,,,,,,,,,,,,,,,
AMA-BG-BLK-MINI,Amaluma,Petal Bag Mini Black,"Jede Tasche wird aus sorgfältig ausgewählten, upgecycelten Materialien gefertigt und vereint Stil und Nachhaltigkeit. Gefertigt aus upgecycelten Bettlaken. Jede Tasche wird mit einem handgefertigten Staubbeutel geliefert. Handgefertigt in Berlin.","Recyceltes Polyester, upgecycelt aus hochwertigen Bettlaken.","Chemische Reinigung für optimale Ergebnisse. Wenn du dich jedoch entscheidest, das Stück zu Hause zu waschen, verwende die Waschmaschine mit kaltem Wasser oder stelle die Temperatur auf maximal 30 °C ein, um Schäden zu vermeiden.",1,"Breite : 30 cm  
Tiefe : 20 cm 
Henkel : 50 cm",,,,,Schwarz,€99.00,,Petal Bag Mini Black,Bags,Bags / Accessories / New in,,,,,,,,,,,,,,,,,,
AMA-BG-BLUE-MINI,Amaluma,Petal Bag Mini BV Blue,"Jede Tasche wird aus sorgfältig ausgewählten, upgecycelten Materialien gefertigt und vereint Stil und Nachhaltigkeit. Gefertigt aus upgecycelten Bettlaken. Jede Tasche wird mit einem handgefertigten Staubbeutel geliefert. Handgefertigt in Berlin.","Recyceltes Polyester, upgecycelt aus hochwertigen Bettlaken.","Chemische Reinigung für optimale Ergebnisse. Wenn du dich jedoch entscheidest, das Stück zu Hause zu waschen, verwende die Waschmaschine mit kaltem Wasser oder stelle die Temperatur auf maximal 30 °C ein, um Schäden zu vermeiden.",1,"Breite : 30 cm  
Tiefe : 20 cm 
Henkel : 50 cm",,,,,Blau,€99.00,,Petal Bag Mini BV Blue,Bags,Bags / Accessories / New in / Collabs,,,,,,,,,,,,,,,,,,
AMA-BG-PNK-MIDI,Amaluma,Petal Bag Midi Pink,"Jede Tasche wird aus sorgfältig ausgewählten, upgecycelten Materialien gefertigt und vereint Stil und Nachhaltigkeit. Gefertigt aus upgecycelten Bettlaken. Jede Tasche wird mit einem handgefertigten Staubbeutel geliefert. Handgefertigt in Berlin.","Recyceltes Polyester, upgecycelt aus hochwertigen Bettlaken.","Chemische Reinigung für optimale Ergebnisse. Wenn du dich jedoch entscheidest, das Stück zu Hause zu waschen, verwende die Waschmaschine mit kaltem Wasser oder stelle die Temperatur auf maximal 30 °C ein, um Schäden zu vermeiden.",1,"Breite : 70 cm  
Tiefe : 20 cm 
Henkel : 90 cm",,,,,Rosa,€149.00,,Petal Bag Midi Pink,Bags,Bags / Accessories / New in,,,,,,,,,,,,,,,,,,
ACS-SW-GRE-M-2000s,Art Control Sus,Upcycled 2000S vintage NIKE sweatshirt Green ,"UNIKAT. GENÄHT AUS EINEM VINTAGE-NIKE-SWEATSHIRT AUS DEN 2000ERN UND EINER VINTAGE-US-ARMY-REISETASCHE.
GRÖSSE AUF DEM ETIKETT: M
EMPFOHLENE GRÖSSE: M
ZUSTAND: SEHR GUT, KEINE MÄNGEL.",,,1,"
Länge: 62,5 cm
Achsel zu Achsel: 63,5 cm",,,,,Grün,€149.99,,Upcycled 2000S vintage NIKE sweatshirt Green ,Sweatshirt,Sweatshirts / Clothing / New in ,,,,,,,,,,,,,,,,,,
ACS-SW-WHI-XL-2000s,Art Control Sus,Upcycled 2000S vintage NIKE sweatshirt White,"UNIKAT. GENÄHT AUS EINEM VINTAGE-NIKE-SWEATSHIRT AUS DEN 2000ERN UND EINER VINTAGE-DECKE.
GRÖSSE AUF DEM ETIKETT: XL / EMPFOHLENE GRÖSSE: L–XL
ZUSTAND: SEHR GUT, KEINE MÄNGEL.",,,1,"Länge: 69cm
Achsel zu Achsel: 72,5cm",,,,,Weiß,€169.99,,Upcycled 2000S vintage NIKE sweatshirt White,Sweatshirt,Sweatshirts / Clothing / New in ,,,,,,,,,,,,,,,,,,
ACS-SW-GRE-XL-1990s,Art Control Sus,Upcycled 1990S vintage NIKE sweatshirt Grey White,"UNIKAT. GENÄHT AUS EINEM VINTAGE-NIKE-SWEATSHIRT AUS DEN 1990ERN UND EINEM WEITEREN VINTAGE-SWEATSHIRT.
GRÖSSE AUF DEM ETIKETT: XL
EMPFOHLENE GRÖSSE: L–XL
ZUSTAND: SEHR GUT, KEINE MÄNGEL.",,,1,"Länge: 69,5cm
Achsel zu Achsel: 70cm",,,,,Grau / Weiß,€169.99,,Upcycled 1990S vintage NIKE sweatshirt Grey White,Sweatshirt,Sweatshirts / Clothing / New in ,,,,,,,,,,,,,,,,,,
ACS-SW-BLU-XL-1990s,Art Control Sus,Upcycled 1990S vintage NIKE sweatshirt Grey Blue,"UNIKAT. GENÄHT AUS EINEM VINTAGE-NIKE-SWEATSHIRT AUS DEN 1990ERN UND ZWEI WEITEREN VINTAGE-SWEATSHIRTS.
GRÖSSE AUF DEM ETIKETT: M
EMPFOHLENE GRÖSSE: M–L
ZUSTAND: SEHR GUT, LEICHT AUSGEDEHNTER KRAGEN.",,,1,"Länge: 70cm
Achsel zu Achsel: 59,5cm",,,,,Grau / Blau,€164.99,,Upcycled 1990S vintage NIKE sweatshirt Grey Blue,Sweatshirt,Sweatshirts / Clothing / New in ,,,,,,,,,,,,,,,,,,
TBD,Art Control Sus,Upcycled Collab piece TBD,,,,,,,,,,,,,TBD,Sweatshirt,Sweatshirts / Clothing / New in / Collab,,,,,,,,,,,,,,,,,,
KAMPI-BG-BABY-ZEB,Kamping,Baby Kamp Bag Waterproof Zebra,"Die Baby-Bag ist die perfekte Mischung aus Bauchtasche und stylischer Umhängetasche. Sportlich, schick und vielseitig: Sie bietet Platz für all deine Essentials wie eine 0,5-Liter-Flasche, einen Keep-Cup, dein Portemonnaie oder einen kleinen Pullover und mehr. Mit ihrem abnehmbaren Gurt lässt sie sich komfortabel tragen, während eine optionale stylischen Kette jedem Outfit einen modischen Touch verleiht. 
Eine praktische Innentasche (ca. 18x13 cm) sorgt dafür, dass deine wichtigsten Kleinigkeiten wie Schlüssel oder Lippenstift immer griffbereit sind. Gefertigt aus robuster Gobeline, ist die Tasche strapazierfähig, langlebig und bei 30 Grad maschinenwaschbar.
Das schlichte, unisex Design macht sie zu einem perfekten Begleiter für jeden.
Mit ihren rund 120g ist sie unglaublich leicht und lässt sich auch einfach zusammenfalten und verstauen.
Die verschiedenen Gurte und Ketten sind separat erhältlich.
Handgefertigt in Berlin.","49% Polyester, Baumwolle: 35%, 16% Acryl","Maschinenwaschbar
30 Grad Wäsche
Bei geringer Wärme bügeln
Nicht Bleichen
Nicht im Trockner trocknen
Chemische Reinigung",,Maße: ca. 27cm x 23cm  x 7cm (BxHxT),Reißverschluss,Gold / Silber,Schultergurt,Mit / Ohne,Zebra,"€59,00 EUR - €79,00 EUR",,Baby Kamp Bag Zebra,Bags,Bags / Accessories / New in ,,The variant SHOULDER STRAP is what increases or lowers the price,,,,,,,,,,,,,,,,
KAMPI-BG-BABY-BLU,Kamping,Baby Kamp Bag Waterproof Blue,"Die Baby-Bag ist die perfekte Mischung aus Bauchtasche und stylischer Umhängetasche. Sportlich, schick und vielseitig: Sie bietet Platz für all deine Essentials wie eine 0,5-Liter-Flasche, einen Keep-Cup, dein Portemonnaie oder einen kleinen Pullover und mehr. Mit ihrem abnehmbaren Gurt lässt sie sich komfortabel tragen, während eine optionale stylischen Kette jedem Outfit einen modischen Touch verleiht. 
Eine praktische Innentasche (ca. 18x13 cm) sorgt dafür, dass deine wichtigsten Kleinigkeiten wie Schlüssel oder Lippenstift immer griffbereit sind. Gefertigt aus wasserfestem Ripstop-Material, ist die Tasche strapazierfähig, langlebig und bei 30 Grad maschinenwaschbar.
Hinweis: Durch den Reißverschluss und die äußeren Nähte kann bei starkem Regen Feuchtigkeit eindringen. Das Material ist wasserdicht bis zu einem Wassersäulendruck von 5.000 mm, welches sich für einen stärkeren Regenschauer oder ein paar Stunden bei leichtem Regen geeignet ist.
Das schlichte, unisex Design macht sie zu einem perfekten Begleiter für jeden.
Mit ihren rund 80g ist sie unglaublich leicht und lässt sich auch einfach zusammenfalten und verstauen.
Die verschiedenen Gurte und Ketten sind separat erhältlich.
Handgefertigt in Berlin.",100% Polyester: wasserfester Ripstop ,"Maschinenwaschbar
30 Grad Wäsche
Bei geringer Wärme bügeln
Nicht Bleichen
Nicht im Trockner trocknen
Chemische Reinigung",,Maße: ca. 27cm x 23cm  x 7cm (BxHxT),Reißverschluss,Gold / Silber,Schultergurt,Mit / Ohne,Blau,"€59,00 EUR - €79,00 EUR",,Baby Kamp Bag Blue,Bags,Bags / Accessories / New in ,,The variant SHOULDER STRAP is what increases or lowers the price,,,,,,,,,,,,,,,,
KAMPI-BG-BABY-BRO,Kamping,Baby Kamp Bag Waterproof Brown,"Die Baby-Bag ist die perfekte Mischung aus Bauchtasche und stylischer Umhängetasche. Sportlich, schick und vielseitig: Sie bietet Platz für all deine Essentials wie eine 0,5-Liter-Flasche, einen Keep-Cup, dein Portemonnaie oder einen kleinen Pullover und mehr. Mit ihrem abnehmbaren Gurt lässt sie sich komfortabel tragen, während eine optionale stylischen Kette jedem Outfit einen modischen Touch verleiht. 
Eine praktische Innentasche (ca. 18x13 cm) sorgt dafür, dass deine wichtigsten Kleinigkeiten wie Schlüssel oder Lippenstift immer griffbereit sind. Gefertigt aus wasserfestem Ripstop-Material, ist die Tasche strapazierfähig, langlebig und bei 30 Grad maschinenwaschbar.
Hinweis: Durch den Reißverschluss und die äußeren Nähte kann bei starkem Regen Feuchtigkeit eindringen. Das Material ist wasserdicht bis zu einem Wassersäulendruck von 5.000 mm, welches sich für einen stärkeren Regenschauer oder ein paar Stunden bei leichtem Regen geeignet ist.
Das schlichte, unisex Design macht sie zu einem perfekten Begleiter für jeden.
Mit ihren rund 80g ist sie unglaublich leicht und lässt sich auch einfach zusammenfalten und verstauen.
Die verschiedenen Gurte und Ketten sind separat erhältlich.
Handgefertigt in Berlin.",100% Polyester: wasserfester Ripstop ,"Maschinenwaschbar
30 Grad Wäsche
Bei geringer Wärme bügeln
Nicht Bleichen
Nicht im Trockner trocknen
Chemische Reinigung",,Maße: ca. 27cm x 23cm  x 7cm (BxHxT),Reißverschluss,Gold / Silber,Schultergurt,Mit / Ohne,Braun,"€59,00 EUR - €79,00 EUR",,Baby Kamp Bag Brown,Bags,Bags / Accessories / New in ,,The variant SHOULDER STRAP is what increases or lowers the price,,,,,,,,,,,,,,,,
KAMPI-BG-BABY-MOC,Kamping,Baby Kamp Bag Waterproof Mocha,"Die Baby-Bag ist die perfekte Mischung aus Bauchtasche und stylischer Umhängetasche. Sportlich, schick und vielseitig: Sie bietet Platz für all deine Essentials wie eine 0,5-Liter-Flasche, einen Keep-Cup, dein Portemonnaie oder einen kleinen Pullover und mehr. Mit ihrem abnehmbaren Gurt lässt sie sich komfortabel tragen, während eine optionale stylischen Kette jedem Outfit einen modischen Touch verleiht. 
Eine praktische Innentasche (ca. 18x13 cm) sorgt dafür, dass deine wichtigsten Kleinigkeiten wie Schlüssel oder Lippenstift immer griffbereit sind. Gefertigt aus wasserfestem Ripstop-Material, ist die Tasche strapazierfähig, langlebig und bei 30 Grad maschinenwaschbar.
Hinweis: Durch den Reißverschluss und die äußeren Nähte kann bei starkem Regen Feuchtigkeit eindringen. Das Material ist wasserdicht bis zu einem Wassersäulendruck von 5.000 mm, welches sich für einen stärkeren Regenschauer oder ein paar Stunden bei leichtem Regen geeignet ist.
Das schlichte, unisex Design macht sie zu einem perfekten Begleiter für jeden.
Mit ihren rund 80g ist sie unglaublich leicht und lässt sich auch einfach zusammenfalten und verstauen.
Die verschiedenen Gurte und Ketten sind separat erhältlich.
Handgefertigt in Berlin.",100% Polyester: wasserfester Ripstop ,"Maschinenwaschbar
30 Grad Wäsche
Bei geringer Wärme bügeln
Nicht Bleichen
Nicht im Trockner trocknen
Chemische Reinigung",,Maße: ca. 27cm x 23cm  x 7cm (BxHxT),Reißverschluss,Gold / Silber,Schultergurt,Mit / Ohne,Mocha,"€59,00 EUR - €79,00 EUR",,Baby Kamp Bag Mocha,Bags,Bags / Accessories / New in ,,The variant SHOULDER STRAP is what increases or lowers the price,,,,,,,,,,,,,,,,
KAMPI-BG-BABY-BLK,Kamping,Baby Kamp Bag Waterproof Charcoal Black,"Die Baby-Bag ist die perfekte Mischung aus Bauchtasche und stylischer Umhängetasche. Sportlich, schick und vielseitig: Sie bietet Platz für all deine Essentials wie eine 0,5-Liter-Flasche, einen Keep-Cup, dein Portemonnaie oder einen kleinen Pullover und mehr. Mit ihrem abnehmbaren Gurt lässt sie sich komfortabel tragen, während eine optionale stylischen Kette jedem Outfit einen modischen Touch verleiht. 
Eine praktische Innentasche (ca. 18x13 cm) sorgt dafür, dass deine wichtigsten Kleinigkeiten wie Schlüssel oder Lippenstift immer griffbereit sind. Gefertigt aus wasserfestem Ripstop-Material, ist die Tasche strapazierfähig, langlebig und bei 30 Grad maschinenwaschbar.
Hinweis: Durch den Reißverschluss und die äußeren Nähte kann bei starkem Regen Feuchtigkeit eindringen. Das Material ist wasserdicht bis zu einem Wassersäulendruck von 5.000 mm, welches sich für einen stärkeren Regenschauer oder ein paar Stunden bei leichtem Regen geeignet ist.
Das schlichte, unisex Design macht sie zu einem perfekten Begleiter für jeden.
Mit ihren rund 80g ist sie unglaublich leicht und lässt sich auch einfach zusammenfalten und verstauen.
Die verschiedenen Gurte und Ketten sind separat erhältlich.
Handgefertigt in Berlin.",100% Polyester: wasserfester Ripstop ,"Maschinenwaschbar
30 Grad Wäsche
Bei geringer Wärme bügeln
Nicht Bleichen
Nicht im Trockner trocknen
Chemische Reinigung",,Maße: ca. 27cm x 23cm  x 7cm (BxHxT),Reißverschluss,Gold / Silber,Schultergurt,Mit / Ohne,Schwarz-Anthrazit,"€59,00 EUR - €79,00 EUR",,Baby Kamp Bag Charcoal Black,Bags,Bags / Accessories / New in ,,The variant SHOULDER STRAP is what increases or lowers the price,,,,,,,,,,,,,,,,
KAMPI-BG-BABY-PNK,Kamping,Baby Kamp Bag Waterproof Pink Berry,"Die Baby-Bag ist die perfekte Mischung aus Bauchtasche und stylischer Umhängetasche. Sportlich, schick und vielseitig: Sie bietet Platz für all deine Essentials wie eine 0,5-Liter-Flasche, einen Keep-Cup, dein Portemonnaie oder einen kleinen Pullover und mehr. Mit ihrem abnehmbaren Gurt lässt sie sich komfortabel tragen, während eine optionale stylischen Kette jedem Outfit einen modischen Touch verleiht. 
Eine praktische Innentasche (ca. 18x13 cm) sorgt dafür, dass deine wichtigsten Kleinigkeiten wie Schlüssel oder Lippenstift immer griffbereit sind. Gefertigt aus wasserfestem Ripstop-Material, ist die Tasche strapazierfähig, langlebig und bei 30 Grad maschinenwaschbar.
Hinweis: Durch den Reißverschluss und die äußeren Nähte kann bei starkem Regen Feuchtigkeit eindringen. Das Material ist wasserdicht bis zu einem Wassersäulendruck von 5.000 mm, welches sich für einen stärkeren Regenschauer oder ein paar Stunden bei leichtem Regen geeignet ist.
Das schlichte, unisex Design macht sie zu einem perfekten Begleiter für jeden.
Mit ihren rund 80g ist sie unglaublich leicht und lässt sich auch einfach zusammenfalten und verstauen.
Die verschiedenen Gurte und Ketten sind separat erhältlich.
Handgefertigt in Berlin.",100% Polyester: wasserfester Ripstop ,"Maschinenwaschbar
30 Grad Wäsche
Bei geringer Wärme bügeln
Nicht Bleichen
Nicht im Trockner trocknen
Chemische Reinigung",,Maße: ca. 27cm x 23cm  x 7cm (BxHxT),Reißverschluss,Gold / Silber,Schultergurt,Mit / Ohne,Pink-Berry,"€59,00 EUR - €79,00 EUR",,Baby Kamp Bag Pink Berry,Bags,Bags / Accessories / New in ,,The variant SHOULDER STRAP is what increases or lowers the price,,,,,,,,,,,,,,,,
KAMPI-BG-EVRDAY-ZEB,Kamping,Everyday Bag Waterproof Zebra,"Die Everyday-Bag ist dein treuer Begleiter für Arbeit, Uni und Alltag. Mit ihrer großzügigen Größe bietet sie Platz für einen bis 13- oder 15-Zoll-Laptop, Dokumente oder Bücher und eignet sich sogar als kleines Handgepäckstück für Flüge. Eine Innentasche (23x18 cm) sorgt dafür, dass du kleine Gegenstände wie Schlüssel oder dein Portemonnaie sicher verstauen kannst.
NEU: Ab sofort kannst du die Everyday-Bag (sowie alle anderen unserer Taschen) mit den praktischen Crossbody-Gurten und Acryl-Ketten benutzen.
Gefertigt aus robuster Gobeline, ist sie langlebig und problemlos bei 30 Grad maschinenwaschbar. Mit ihren rund 200g ist sie leicht und lässt sich auch einfach zusammenfalten und verstauen.
Mit ihrem funktionalen und unisex Design ist sie die ideale Wahl für jeden Tag.
Handgefertigt in Berlin.","49% Polyester, Baumwolle: 35%, 16% Acryl","Maschinenwaschbar
30 Grad Wäsche
Bei geringer Wärme bügeln
Nicht Bleichen
Nicht im Trockner trocknen
Chemische Reinigung",,Maße: ca. 42x34x8cm (BxHxT),Reißverschluss,Gold / Silber,Schultergurt,Mit / Ohne,Zebra,"€79,00 EUR - €99,00 EUR",,Everyday Bag Zebra,Bags,Bags / Accessories / New in ,,The variant SHOULDER STRAP is what increases or lowers the price,,,,,,,,,,,,,,,,
KAMPI-BG-EVRDAY-BLU,Kamping,Everyday Bag Waterproof Blue,"Die Everyday-Bag ist dein treuer Begleiter für Arbeit, Uni und Alltag. Mit ihrer großzügigen Größe bietet sie Platz für einen bis 13- oder 15-Zoll-Laptop, Dokumente oder Bücher und eignet sich sogar als kleines Handgepäckstück für Flüge. Eine Innentasche (23x18 cm) sorgt dafür, dass du kleine Gegenstände wie Schlüssel oder dein Portemonnaie sicher verstauen kannst.
NEU: Ab sofort kannst du die Everyday-Bag (sowie alle anderen unserer Taschen) mit den praktischen Crossbody-Gurten und Acryl-Ketten benutzen.
Gefertigt aus wasserfestem Ripstop-Material ist diese Tasche robust, langlebig und problemlos bei 30 Grad maschinenwaschbar. Trotz ihrer strapazierfähigen Verarbeitung bleibt sie angenehm leicht. Das Material ist wasserdicht bis zu einem Wassersäulendruck von 5.000 mm, welches sich für einen stärkeren Regenschauer oder ein paar Stunden bei leichtem Regen geeignet ist.
Mit ihren rund 150g ist sie unglaublich leicht und lässt sich auch einfach zusammenfalten und verstauen.
Hinweis: Leichte Feuchtigkeit kann durch Reißverschluss und Nähte eindringen.
Mit ihrem funktionalen und unisex Design ist sie die ideale Wahl für jeden Tag.
Handgefertigt in Berlin.",100% Polyester: wasserfester Ripstop ,"Maschinenwaschbar
30 Grad Wäsche
Bei geringer Wärme bügeln
Nicht Bleichen
Nicht im Trockner trocknen
Chemische Reinigung",,Maße: ca. 42x34x8cm (BxHxT),Reißverschluss,Gold / Silber,Schultergurt,Mit / Ohne,Blau,"€79,00 EUR - €99,00 EUR",,Everyday Bag Blue,Bags,Bags / Accessories / New in ,,The variant SHOULDER STRAP is what increases or lowers the price,,,,,,,,,,,,,,,,
KAMPI-BG-EVRDAY-BRO,Kamping,Everyday Bag Waterproof Brown,"Die Everyday-Bag ist dein treuer Begleiter für Arbeit, Uni und Alltag. Mit ihrer großzügigen Größe bietet sie Platz für einen bis 13- oder 15-Zoll-Laptop, Dokumente oder Bücher und eignet sich sogar als kleines Handgepäckstück für Flüge. Eine Innentasche (23x18 cm) sorgt dafür, dass du kleine Gegenstände wie Schlüssel oder dein Portemonnaie sicher verstauen kannst.
NEU: Ab sofort kannst du die Everyday-Bag (sowie alle anderen unserer Taschen) mit den praktischen Crossbody-Gurten und Acryl-Ketten benutzen.
Gefertigt aus wasserfestem Ripstop-Material ist diese Tasche robust, langlebig und problemlos bei 30 Grad maschinenwaschbar. Trotz ihrer strapazierfähigen Verarbeitung bleibt sie angenehm leicht. Das Material ist wasserdicht bis zu einem Wassersäulendruck von 5.000 mm, welches sich für einen stärkeren Regenschauer oder ein paar Stunden bei leichtem Regen geeignet ist.
Mit ihren rund 150g ist sie unglaublich leicht und lässt sich auch einfach zusammenfalten und verstauen.
Hinweis: Leichte Feuchtigkeit kann durch Reißverschluss und Nähte eindringen.
Mit ihrem funktionalen und unisex Design ist sie die ideale Wahl für jeden Tag.
Handgefertigt in Berlin.",100% Polyester: wasserfester Ripstop ,"Maschinenwaschbar
30 Grad Wäsche
Bei geringer Wärme bügeln
Nicht Bleichen
Nicht im Trockner trocknen
Chemische Reinigung",,Maße: ca. 42x34x8cm (BxHxT),Reißverschluss,Gold / Silber,Schultergurt,Mit / Ohne,Braun,"€79,00 EUR - €99,00 EUR",,Everyday Bag Brown,Bags,Bags / Accessories / New in ,,The variant SHOULDER STRAP is what increases or lowers the price,,,,,,,,,,,,,,,,
KAMPI-BG-EVRDAY-MOC,Kamping,Everyday Bag Waterproof Mocha,"Die Everyday-Bag ist dein treuer Begleiter für Arbeit, Uni und Alltag. Mit ihrer großzügigen Größe bietet sie Platz für einen bis 13- oder 15-Zoll-Laptop, Dokumente oder Bücher und eignet sich sogar als kleines Handgepäckstück für Flüge. Eine Innentasche (23x18 cm) sorgt dafür, dass du kleine Gegenstände wie Schlüssel oder dein Portemonnaie sicher verstauen kannst.
NEU: Ab sofort kannst du die Everyday-Bag (sowie alle anderen unserer Taschen) mit den praktischen Crossbody-Gurten und Acryl-Ketten benutzen.
Gefertigt aus wasserfestem Ripstop-Material ist diese Tasche robust, langlebig und problemlos bei 30 Grad maschinenwaschbar. Trotz ihrer strapazierfähigen Verarbeitung bleibt sie angenehm leicht. Das Material ist wasserdicht bis zu einem Wassersäulendruck von 5.000 mm, welches sich für einen stärkeren Regenschauer oder ein paar Stunden bei leichtem Regen geeignet ist.
Mit ihren rund 150g ist sie unglaublich leicht und lässt sich auch einfach zusammenfalten und verstauen.
Hinweis: Leichte Feuchtigkeit kann durch Reißverschluss und Nähte eindringen.
Mit ihrem funktionalen und unisex Design ist sie die ideale Wahl für jeden Tag.
Handgefertigt in Berlin.",100% Polyester: wasserfester Ripstop ,"Maschinenwaschbar
30 Grad Wäsche
Bei geringer Wärme bügeln
Nicht Bleichen
Nicht im Trockner trocknen
Chemische Reinigung",,Maße: ca. 42x34x8cm (BxHxT),Reißverschluss,Gold / Silber,Schultergurt,Mit / Ohne,Mocha,"€79,00 EUR - €99,00 EUR",,Everyday Bag  Mocha,Bags,Bags / Accessories / New in ,,The variant SHOULDER STRAP is what increases or lowers the price,,,,,,,,,,,,,,,,
KAMPI-BG-EVRDAY-BLK,Kamping,Everyday Bag Waterproof Charcoal Black,"Die Everyday-Bag ist dein treuer Begleiter für Arbeit, Uni und Alltag. Mit ihrer großzügigen Größe bietet sie Platz für einen bis 13- oder 15-Zoll-Laptop, Dokumente oder Bücher und eignet sich sogar als kleines Handgepäckstück für Flüge. Eine Innentasche (23x18 cm) sorgt dafür, dass du kleine Gegenstände wie Schlüssel oder dein Portemonnaie sicher verstauen kannst.
NEU: Ab sofort kannst du die Everyday-Bag (sowie alle anderen unserer Taschen) mit den praktischen Crossbody-Gurten und Acryl-Ketten benutzen.
Gefertigt aus wasserfestem Ripstop-Material ist diese Tasche robust, langlebig und problemlos bei 30 Grad maschinenwaschbar. Trotz ihrer strapazierfähigen Verarbeitung bleibt sie angenehm leicht. Das Material ist wasserdicht bis zu einem Wassersäulendruck von 5.000 mm, welches sich für einen stärkeren Regenschauer oder ein paar Stunden bei leichtem Regen geeignet ist.
Mit ihren rund 150g ist sie unglaublich leicht und lässt sich auch einfach zusammenfalten und verstauen.
Hinweis: Leichte Feuchtigkeit kann durch Reißverschluss und Nähte eindringen.
Mit ihrem funktionalen und unisex Design ist sie die ideale Wahl für jeden Tag.
Handgefertigt in Berlin.",100% Polyester: wasserfester Ripstop ,"Maschinenwaschbar
30 Grad Wäsche
Bei geringer Wärme bügeln
Nicht Bleichen
Nicht im Trockner trocknen
Chemische Reinigung",,Maße: ca. 42x34x8cm (BxHxT),Reißverschluss,Gold / Silber,Schultergurt,Mit / Ohne,Schwarz-Anthrazit,"€79,00 EUR - €99,00 EUR",,Everyday Bag Charcoal Black,Bags,Bags / Accessories / New in ,,The variant SHOULDER STRAP is what increases or lowers the price,,,,,,,,,,,,,,,,
KAMPI-BG-EVRDAY-GRE,Kamping,Everyday Bag Waterproof Waterproof Matcha Green,"Die Everyday-Bag ist dein treuer Begleiter für Arbeit, Uni und Alltag. Mit ihrer großzügigen Größe bietet sie Platz für einen bis 13- oder 15-Zoll-Laptop, Dokumente oder Bücher und eignet sich sogar als kleines Handgepäckstück für Flüge. Eine Innentasche (23x18 cm) sorgt dafür, dass du kleine Gegenstände wie Schlüssel oder dein Portemonnaie sicher verstauen kannst.
NEU: Ab sofort kannst du die Everyday-Bag (sowie alle anderen unserer Taschen) mit den praktischen Crossbody-Gurten und Acryl-Ketten benutzen.
Gefertigt aus wasserfestem Ripstop-Material ist diese Tasche robust, langlebig und problemlos bei 30 Grad maschinenwaschbar. Trotz ihrer strapazierfähigen Verarbeitung bleibt sie angenehm leicht. Das Material ist wasserdicht bis zu einem Wassersäulendruck von 5.000 mm, welches sich für einen stärkeren Regenschauer oder ein paar Stunden bei leichtem Regen geeignet ist.
Mit ihren rund 150g ist sie unglaublich leicht und lässt sich auch einfach zusammenfalten und verstauen.
Hinweis: Leichte Feuchtigkeit kann durch Reißverschluss und Nähte eindringen.
Mit ihrem funktionalen und unisex Design ist sie die ideale Wahl für jeden Tag.
Handgefertigt in Berlin.",100% Polyester: wasserfester Ripstop ,"Maschinenwaschbar
30 Grad Wäsche
Bei geringer Wärme bügeln
Nicht Bleichen
Nicht im Trockner trocknen
Chemische Reinigung",,Maße: ca. 42x34x8cm (BxHxT),Reißverschluss,Gold / Silber,Schultergurt,Mit / Ohne,Matcha-Grün,"€79,00 EUR - €99,00 EUR",,Everyday Bag Matcha Green,Bags,Bags / Accessories / New in ,,The variant SHOULDER STRAP is what increases or lowers the price,,,,,,,,,,,,,,,,
KAMPI-BG-MOM-ZEB,Kamping,Mom Bag / Weekender Waterproof Zebra,"Die Mom-bag/Weekender ist der Allrounder unter den Taschen – für Mütter, Sport, Sauna oder Wochenendtrips. Sie bietet Platz für alles, was du brauchst, ob für Reisen, Ausflüge oder als großzügiges Handgepäckstück im Flugzeug.
NEU: Ab sofort kannst du aber auch alle unsere Taschen mit den praktischen Crossbody-Gurten und Acryl-Ketten benutzen.
Die Tasche hält bis zu 10 kg Gewicht aus und bleibt dank ihres Materials robust und langlebig. Eine praktische Innentasche (23x18 cm) sorgt dafür, dass du kleinere Gegenstände wie Handy oder Geldbörse immer griffbereit hast.
Mit ihren rund 300g ist sie unglaublich leicht und lässt sich auch einfach zusammenfalten und verstauen.
Besonders praktisch: Du kannst die Tasche auch ohne extra Gurt als Umhängetasche oder Crossbody tragen – ideal fürs Fahrradfahren oder wenn du sie am Kinderwagen befestigen möchtest. Für mehr Spielraum empfehlen wir jedoch den separaten Schultergurt.
Mit ihrem Reißverschluss ist dein Gepäck sicher verstaut. Zudem ist sie maschinenwaschbar bei 30 Grad. Das schlichte, unisex Design macht die Mombag zum perfekten Begleiter für jede Gelegenheit.
Handgefertigt in Berlin.","49% Polyester, Baumwolle: 35%, 16% Acryl","Maschinenwaschbar
30 Grad Wäsche
Bei geringer Wärme bügeln
Nicht Bleichen
Nicht im Trockner trocknen
Chemische Reinigung",,Maße: ca. 60x45x10 cm (BxHxT),Reißverschluss,Gold / Silber,Schultergurt,Mit / Ohne,Zebra,"€89,00 EUR - €109,00 EUR",,Mom Bag / Weekender Zebra,Bags,Bags / Accessories / New in ,,The variant SHOULDER STRAP is what increases or lowers the price,,,,,,,,,,,,,,,,
KAMPI-BG-MOM-BLU,Kamping,Mom Bag / Weekender Waterproof Blue,"Die Mom-bag/Weekender ist der Allrounder unter den Taschen – für Mütter, Sport, Sauna oder Wochenendtrips. Sie bietet Platz für alles, was du brauchst, ob für Reisen, Ausflüge oder als großzügiges Handgepäckstück im Flugzeug.
NEU: Ab sofort kannst du aber auch alle unsere Taschen mit den praktischen Crossbody-Gurten und Acryl-Ketten benutzen.
Die Tasche hält bis zu 10 kg Gewicht aus und bleibt dank ihres wasserfesten Ripstop-Materials extrem robust und langlebig. Eine praktische Innentasche (23x18 cm) sorgt dafür, dass du kleinere Gegenstände wie Handy oder Geldbörse immer griffbereit hast.
Mit ihren rund 230g ist sie unglaublich leicht und lässt sich auch einfach zusammenfalten und verstauen.
Besonders praktisch: Du kannst die Tasche auch ohne extra Gurt als Umhängetasche oder Crossbody tragen – ideal fürs Fahrradfahren oder wenn du sie am Kinderwagen befestigen möchtest. Für mehr Spielraum empfehlen wir jedoch den separaten Schultergurt.
Mit ihrem Reißverschluss ist dein Gepäck sicher verstaut. Zudem ist sie maschinenwaschbar bei 30 Grad. Das schlichte, unisex Design macht die Mombag zum perfekten Begleiter für jede Gelegenheit.
Hinweis: Leichte Feuchtigkeit kann durch den Reißverschluss oder die Nähte eindringen. Das Material ist wasserdicht bis zu einem Wassersäulendruck von 5.000 mm, welches sich für einen stärkeren Regenschauer oder ein paar Stunden bei leichtem Regen geeignet ist.
Handgefertigt in Berlin.",100% Polyester: wasserfester Ripstop ,"Maschinenwaschbar
30 Grad Wäsche
Bei geringer Wärme bügeln
Nicht Bleichen
Nicht im Trockner trocknen
Chemische Reinigung",,Maße: ca. 60x45x10 cm (BxHxT),Reißverschluss,Gold / Silber,Schultergurt,Mit / Ohne,Blau,"€89,00 EUR - €109,00 EUR",,Mom Bag / Weekender Blue,Bags,Bags / Accessories / New in ,,The variant SHOULDER STRAP is what increases or lowers the price,,,,,,,,,,,,,,,,
KAMPI-BG-MOM-BRO,Kamping,Mom Bag / Weekender Waterproof Brown,"Die Mom-bag/Weekender ist der Allrounder unter den Taschen – für Mütter, Sport, Sauna oder Wochenendtrips. Sie bietet Platz für alles, was du brauchst, ob für Reisen, Ausflüge oder als großzügiges Handgepäckstück im Flugzeug.
NEU: Ab sofort kannst du aber auch alle unsere Taschen mit den praktischen Crossbody-Gurten und Acryl-Ketten benutzen.
Die Tasche hält bis zu 10 kg Gewicht aus und bleibt dank ihres wasserfesten Ripstop-Materials extrem robust und langlebig. Eine praktische Innentasche (23x18 cm) sorgt dafür, dass du kleinere Gegenstände wie Handy oder Geldbörse immer griffbereit hast.
Mit ihren rund 230g ist sie unglaublich leicht und lässt sich auch einfach zusammenfalten und verstauen.
Besonders praktisch: Du kannst die Tasche auch ohne extra Gurt als Umhängetasche oder Crossbody tragen – ideal fürs Fahrradfahren oder wenn du sie am Kinderwagen befestigen möchtest. Für mehr Spielraum empfehlen wir jedoch den separaten Schultergurt.
Mit ihrem Reißverschluss ist dein Gepäck sicher verstaut. Zudem ist sie maschinenwaschbar bei 30 Grad. Das schlichte, unisex Design macht die Mombag zum perfekten Begleiter für jede Gelegenheit.
Hinweis: Leichte Feuchtigkeit kann durch den Reißverschluss oder die Nähte eindringen. Das Material ist wasserdicht bis zu einem Wassersäulendruck von 5.000 mm, welches sich für einen stärkeren Regenschauer oder ein paar Stunden bei leichtem Regen geeignet ist.
Handgefertigt in Berlin.",100% Polyester: wasserfester Ripstop ,"Maschinenwaschbar
30 Grad Wäsche
Bei geringer Wärme bügeln
Nicht Bleichen
Nicht im Trockner trocknen
Chemische Reinigung",,Maße: ca. 60x45x10 cm (BxHxT),Reißverschluss,Gold / Silber,Schultergurt,Mit / Ohne,Braun,"€89,00 EUR - €109,00 EUR",,Mom Bag / Weekender Brown,Bags,Bags / Accessories / New in ,,The variant SHOULDER STRAP is what increases or lowers the price,,,,,,,,,,,,,,,,
KAMPI-BG-MOM-MOC,Kamping,Mom Bag / Weekender Waterproof Mocha,"Die Mom-bag/Weekender ist der Allrounder unter den Taschen – für Mütter, Sport, Sauna oder Wochenendtrips. Sie bietet Platz für alles, was du brauchst, ob für Reisen, Ausflüge oder als großzügiges Handgepäckstück im Flugzeug.
NEU: Ab sofort kannst du aber auch alle unsere Taschen mit den praktischen Crossbody-Gurten und Acryl-Ketten benutzen.
Die Tasche hält bis zu 10 kg Gewicht aus und bleibt dank ihres wasserfesten Ripstop-Materials extrem robust und langlebig. Eine praktische Innentasche (23x18 cm) sorgt dafür, dass du kleinere Gegenstände wie Handy oder Geldbörse immer griffbereit hast.
Mit ihren rund 230g ist sie unglaublich leicht und lässt sich auch einfach zusammenfalten und verstauen.
Besonders praktisch: Du kannst die Tasche auch ohne extra Gurt als Umhängetasche oder Crossbody tragen – ideal fürs Fahrradfahren oder wenn du sie am Kinderwagen befestigen möchtest. Für mehr Spielraum empfehlen wir jedoch den separaten Schultergurt.
Mit ihrem Reißverschluss ist dein Gepäck sicher verstaut. Zudem ist sie maschinenwaschbar bei 30 Grad. Das schlichte, unisex Design macht die Mombag zum perfekten Begleiter für jede Gelegenheit.
Hinweis: Leichte Feuchtigkeit kann durch den Reißverschluss oder die Nähte eindringen. Das Material ist wasserdicht bis zu einem Wassersäulendruck von 5.000 mm, welches sich für einen stärkeren Regenschauer oder ein paar Stunden bei leichtem Regen geeignet ist.
Handgefertigt in Berlin.",100% Polyester: wasserfester Ripstop ,"Maschinenwaschbar
30 Grad Wäsche
Bei geringer Wärme bügeln
Nicht Bleichen
Nicht im Trockner trocknen
Chemische Reinigung",,Maße: ca. 60x45x10 cm (BxHxT),Reißverschluss,Gold / Silber,Schultergurt,Mit / Ohne,Mocha,"€89,00 EUR - €109,00 EUR",,Mom Bag / Weekender Mocha,Bags,Bags / Accessories / New in ,,The variant SHOULDER STRAP is what increases or lowers the price,,,,,,,,,,,,,,,,
KAMPI-BG-MOM-BLK,Kamping,Mom Bag / Weekender Waterproof Charcoal Black,"Die Mom-bag/Weekender ist der Allrounder unter den Taschen – für Mütter, Sport, Sauna oder Wochenendtrips. Sie bietet Platz für alles, was du brauchst, ob für Reisen, Ausflüge oder als großzügiges Handgepäckstück im Flugzeug.
NEU: Ab sofort kannst du aber auch alle unsere Taschen mit den praktischen Crossbody-Gurten und Acryl-Ketten benutzen.
Die Tasche hält bis zu 10 kg Gewicht aus und bleibt dank ihres wasserfesten Ripstop-Materials extrem robust und langlebig. Eine praktische Innentasche (23x18 cm) sorgt dafür, dass du kleinere Gegenstände wie Handy oder Geldbörse immer griffbereit hast.
Mit ihren rund 230g ist sie unglaublich leicht und lässt sich auch einfach zusammenfalten und verstauen.
Besonders praktisch: Du kannst die Tasche auch ohne extra Gurt als Umhängetasche oder Crossbody tragen – ideal fürs Fahrradfahren oder wenn du sie am Kinderwagen befestigen möchtest. Für mehr Spielraum empfehlen wir jedoch den separaten Schultergurt.
Mit ihrem Reißverschluss ist dein Gepäck sicher verstaut. Zudem ist sie maschinenwaschbar bei 30 Grad. Das schlichte, unisex Design macht die Mombag zum perfekten Begleiter für jede Gelegenheit.
Hinweis: Leichte Feuchtigkeit kann durch den Reißverschluss oder die Nähte eindringen. Das Material ist wasserdicht bis zu einem Wassersäulendruck von 5.000 mm, welches sich für einen stärkeren Regenschauer oder ein paar Stunden bei leichtem Regen geeignet ist.
Handgefertigt in Berlin.",100% Polyester: wasserfester Ripstop ,"Maschinenwaschbar
30 Grad Wäsche
Bei geringer Wärme bügeln
Nicht Bleichen
Nicht im Trockner trocknen
Chemische Reinigung",,Maße: ca. 60x45x10 cm (BxHxT),Reißverschluss,Gold / Silber,Schultergurt,Mit / Ohne,Schwarz-Anthrazit,"€89,00 EUR - €109,00 EUR",,Mom Bag / Weekender Charcoal Black,Bags,Bags / Accessories / New in ,,The variant SHOULDER STRAP is what increases or lowers the price,,,,,,,,,,,,,,,,
KAMPI-BG-MOM-GRE,Kamping,Mom Bag / Weekender Waterproof Waterproof Matcha Green,"Die Mom-bag/Weekender ist der Allrounder unter den Taschen – für Mütter, Sport, Sauna oder Wochenendtrips. Sie bietet Platz für alles, was du brauchst, ob für Reisen, Ausflüge oder als großzügiges Handgepäckstück im Flugzeug.
NEU: Ab sofort kannst du aber auch alle unsere Taschen mit den praktischen Crossbody-Gurten und Acryl-Ketten benutzen.
Die Tasche hält bis zu 10 kg Gewicht aus und bleibt dank ihres wasserfesten Ripstop-Materials extrem robust und langlebig. Eine praktische Innentasche (23x18 cm) sorgt dafür, dass du kleinere Gegenstände wie Handy oder Geldbörse immer griffbereit hast.
Mit ihren rund 230g ist sie unglaublich leicht und lässt sich auch einfach zusammenfalten und verstauen.
Besonders praktisch: Du kannst die Tasche auch ohne extra Gurt als Umhängetasche oder Crossbody tragen – ideal fürs Fahrradfahren oder wenn du sie am Kinderwagen befestigen möchtest. Für mehr Spielraum empfehlen wir jedoch den separaten Schultergurt.
Mit ihrem Reißverschluss ist dein Gepäck sicher verstaut. Zudem ist sie maschinenwaschbar bei 30 Grad. Das schlichte, unisex Design macht die Mombag zum perfekten Begleiter für jede Gelegenheit.
Hinweis: Leichte Feuchtigkeit kann durch den Reißverschluss oder die Nähte eindringen. Das Material ist wasserdicht bis zu einem Wassersäulendruck von 5.000 mm, welches sich für einen stärkeren Regenschauer oder ein paar Stunden bei leichtem Regen geeignet ist.
Handgefertigt in Berlin.",100% Polyester: wasserfester Ripstop ,"Maschinenwaschbar
30 Grad Wäsche
Bei geringer Wärme bügeln
Nicht Bleichen
Nicht im Trockner trocknen
Chemische Reinigung",,Maße: ca. 60x45x10 cm (BxHxT),Reißverschluss,Gold / Silber,Schultergurt,Mit / Ohne,Matcha-Grün,"€89,00 EUR - €109,00 EUR",,Mom Bag / Weekender Waterproof Matcha Green,Bags,Bags / Accessories / New in ,,The variant SHOULDER STRAP is what increases or lowers the price,,,,,,,,,,,,,,,,
BEVANG-VES-BLK,Bevang by Maíra Becke,No more wars please vest,,,,,,,,,,,,,No more wars please vest,,Outerwear / Women / Men / New in ,,,,,,,,,,,,,,,,,,
BEVANG-JCK-PINK,Bevang by Maíra Becke,Much more than a leather jacket,,,,,,,,,,,,,Much more than a leather jacket,,Outerwear / Women / New in ,,,,,,,,,,,,,,,,,,
BEVANG-DRE-BLK,Bevang by Maíra Becke,Not just an overall,,,,,,,,,,,,,Not just an overall,,Outerwear / Women / Men / New in ,,,,,,,,,,,,,,,,,,







Images: https://drive.google.com/drive/u/0/folders/1W6qoOy3QF2I-p4e5FBq1y5tcUGztO5hy,,,,,,,,,,,,,,,,,,,,,,,,,,,,,,,,,,,

SKU,,,,,,,,,,,,,,,,,,,,,,,,,,,,,,,,,,,
Brand (BEVANG),,,,,,,,,,,,,,,,,,,,,,,,,,,,,,,,,,,
"Category code (TS = T-shirt, SW = Sweatshirt)",,,,,,,,,,,,,,,,,,,,,,,,,,,,,,,,,,,
"Color code (BLK = Black, WHT = White)",,,,,,,,,,,,,,,,,,,,,,,,,,,,,,,,,,,
"Size code (S, M, L, XL)",,,,,,,,,,,,,,,,,,,,,,,,,,,,,,,,,,,
Optional: season/year or collection,,,,,,,,,,,,,,,,,,,,,,,,,,,,,,,,,,,
👉 Example SKU:,,,,,,,,,,,,,,,,,,,,,,,,,,,,,,,,,,,
"BEVANG-TS-BLK-S → T-shirt, Black, Small",,,,,,,,,,,,,,,,,,,,,,,,,,,,,,,,,,,































































































































































































































































































































































































































































































































































































































































































































































































































































































































































































Product photograhy
"High-quality photos (ideally 1500x1500 px or larger, square format works best for Shopify)"
"Multiple angles (front, back, detail shots, lifestyle shots)"
White/transparent background versions (clean catalog look)
Optional: images showing size/scale or usage
